Category,State,Rank,HS Code,Description,Value2017,Value2018,Value2019,Value2020,Share2017,Share2018,Share2019,Share2020,
Export,CA,1,870380,"MOTOR VEHICLES WITH ONLY ELECTRIC MOTOR,NESOI",2953,2987,7153,5651,1.7,1.7,4.1,3.6,
Export,CA,2,880000,"CIVILIAN AIRCRAFT, ENGINES, AND PARTS",7166,7274,7196,4991,4.2,4.1,4.1,3.2,
Export,CA,3,848620,MACHINES AND APPARATUS FOR THE MANUFACTURE OF SEMI,5015,4622,3579,4821,2.9,2.6,2.1,3.1,
Export,CA,4,854239,"ELECTRONIC INTEGRATED CIRCUITS, NESOI",3541,3365,2953,3864,2.1,1.9,1.7,2.5,
Export,CA,5,851762,"MACHINES FOR THE RECEPTION, CONVERSION AND TRANSMI",4468,4627,4310,3790,2.6,2.6,2.5,2.4,
Export,CA,6,80212,"ALMONDS, FRESH OR DRIED, SHELLED",3235,3343,3648,3397,1.9,1.9,2.1,2.2,
Export,CA,7,710239,"DIAMONDS, NONINDUSTRIAL, WORKED, INCLUDING POLISHE",4898,5488,4580,3198,2.8,3.1,2.6,2,
Export,CA,8,848690,MACHINES AND APPARATUS OF A KIND USED FOR THE MANU,1951,2579,2432,3020,1.1,1.4,1.4,1.9,
Export,CA,9,382200,"COMPOSITE DIAGNOSTIC OR LABORATORY REAGENTS, OTHER",2030,2427,2528,2856,1.2,1.4,1.5,1.8,
Export,CA,10,847330,PARTS AND ACCESSORIES FOR AUTOMATIC DATA PROCESSIN,2505,3184,2396,2471,1.5,1.8,1.4,1.6,
Export,CA,11,901890,"INSTRUMENTS AND APPLIANCES FOR MEDICAL, SURGICAL O",2170,2296,2477,1998,1.3,1.3,1.4,1.3,
Export,CA,12,271019,"PETROLEUM OILS, OILS FROM BITUMINOUS MINERALS (OTH",2451,2850,3308,1564,1.4,1.6,1.9,1,
Export,CA,13,80251,"PISTACHIOS, IN SHELL, FRESH OR DRIED",1336,1413,1706,1386,0.8,0.8,1,0.9,
Export,CA,14,300212,ANTISERA AND OTHER BLOOD FRACTIONS,1288,1069,1395,1291,0.7,0.6,0.8,0.8,
Export,CA,15,854231,"PROCESSORS AND CONTROLLERS, ELECTRONIC INTEGRATED",1306,1459,1223,1290,0.8,0.8,0.7,0.8,
Export,CA,16,210690,FOOD PREPARATIONS NESOI,1086,1039,1252,1287,0.6,0.6,0.7,0.8,
Export,CA,17,870323,PASSENGER MOTOR VEHICLES WITH SPARK-IGNITION INTER,1863,1715,1699,1206,1.1,1,1,0.8,
Export,CA,18,854233,"AMPLIFIERS, ELECTRONIC INTEGRATED CIRCUITS",2131,1966,1506,1143,1.2,1.1,0.9,0.7,
Export,CA,19,847130,"PORTABLE DIGTL AUTOMATIC DATA PROCESSING MACHINES,",1269,1300,1036,1134,0.7,0.7,0.6,0.7,
Export,CA,20,80211,"ALMONDS, FRESH OR DRIED, IN SHELL",1074,986,1035,1083,0.6,0.6,0.6,0.7,
Export,CA,21,851712,TELEPHONES FOR CELLULAR NETWORKS OR FOR OTHER WIRE,1955,1752,1045,1007,1.1,1,0.6,0.6,
Export,CA,22,847150,DIGITAL PROCESSING UNITS OTHER THAN THOSE OF 8471.,1267,1407,1187,969,0.7,0.8,0.7,0.6,
Export,CA,23,720449,"FERROUS WASTE AND SCRAP, NESOI",1076,1400,1119,965,0.6,0.8,0.6,0.6,
Export,CA,24,300215,"IMMUNOLOGICAL PRODUCTS, PUT UP IN MEASURED DOSES O",971,862,774,948,0.6,0.5,0.4,0.6,
Export,CA,25,392690,"ARTICLES OF PLASTICS, NESOI",917,977,951,944,0.5,0.5,0.5,0.6,
Export,CA,-1,0,Total_25,59921,62389,62486,56273,34.9,35,35.9,36,
Import,CA,1,870323,PASSENGER MOTOR VEHICLES WITH SPARK-IGNITION INTER,36516,29757,25087,19781,8.3,6.8,6.1,5,
Import,CA,2,847130,"PORTABLE DIGTL AUTOMATIC DATA PROCESSING MACHINES,",19654,17426,15097,18670,4.5,4,3.7,4.7,
Import,CA,3,847330,PARTS AND ACCESSORIES FOR AUTOMATIC DATA PROCESSIN,10138,13026,8267,11351,2.3,3,2,2.9,
Import,CA,4,270900,"PETROLEUM OILS AND OILS FROM BITUMINOUS MINERALS,",17884,24277,20252,10755,4.1,5.5,5,2.7,
Import,CA,5,851762,"MACHINES FOR THE RECEPTION, CONVERSION AND TRANSMI",12984,12578,11587,10464,2.9,2.9,2.8,2.6,
Import,CA,6,847150,DIGITAL PROCESSING UNITS OTHER THAN THOSE OF 8471.,4646,4092,5406,9319,1.1,0.9,1.3,2.4,
Import,CA,7,851712,TELEPHONES FOR CELLULAR NETWORKS OR FOR OTHER WIRE,19163,13750,11846,8471,4.4,3.1,2.9,2.1,
Import,CA,8,630790,"MADE-UP TEXTILE ARTICLES, NESOI",910,996,1062,8049,0.2,0.2,0.3,2,
Import,CA,9,852351,SOLID-STATE NON-VOLATILE SEMICONDUCTOR STORAGE DEV,4848,4701,3765,5707,1.1,1.1,0.9,1.4,
Import,CA,10,870324,PASSENGER MOTOR VEHICLES WITH SPARK-IGNITION INTER,13976,9494,6329,5462,3.2,2.2,1.6,1.4,
Import,CA,11,852872,"RECEPTION APPARATUS FOR TELEVISION, COLOR, NESOI",4439,4500,3910,4939,1,1,1,1.2,
Import,CA,12,950300,"TRICYCLES, SCOOTERS, PEDAL CARS AND SIMILAR WHEELE",4828,4510,4705,4846,1.1,1,1.2,1.2,
Import,CA,13,870322,PASSENGER MOTOR VEHICLES WITH SPARK-IGNITION INTER,6278,5640,4635,4379,1.4,1.3,1.1,1.1,
Import,CA,14,854231,"PROCESSORS AND CONTROLLERS, ELECTRONIC INTEGRATED",10328,9139,6341,4217,2.3,2.1,1.6,1.1,
Import,CA,15,847170,"AUTOMATIC DATA PROCESSING STORAGE UNITS, N.E.S.O.I",4844,4579,3087,3854,1.1,1,0.8,1,
Import,CA,16,854140,"PHOTOSENSITIVE SEMICONDUCTOR DEVICES, INCLUDING PH",3655,2082,2646,3680,0.8,0.5,0.6,0.9,
Import,CA,17,870431,"MOTOR VEHICLES FOR GOODS TRANSPORT NESOI, WITH SPA",3215,4403,4786,3427,0.7,1,1.2,0.9,
Import,CA,18,880240,"AIRPLANES AND OTHER AIRCRAFT NESOI, OF AN UNLADEN",649,795,1205,3245,0.1,0.2,0.3,0.8,
Import,CA,19,271019,"PETROLEUM OILS, OILS FROM BITUMINOUS MINERALS (OTH",4839,4178,5397,3143,1.1,0.9,1.3,0.8,
Import,CA,20,852580,"TELEVISION CAMERAS, DIGITAL CAMERAS AND VIDEO CAME",2516,2932,2987,3083,0.6,0.7,0.7,0.8,
Import,CA,21,852852,OTHER MONITORS CAPABLE OF DIRECTLY CONNECTING TO A,2140,2296,2729,3066,0.5,0.5,0.7,0.8,
Import,CA,22,901890,"INSTRUMENTS AND APPLIANCES FOR MEDICAL, SURGICAL O",2237,2485,2702,2725,0.5,0.6,0.7,0.7,
Import,CA,23,854239,"ELECTRONIC INTEGRATED CIRCUITS, NESOI",3388,2898,3175,2636,0.8,0.7,0.8,0.7,
Import,CA,24,850440,ELECTRICAL STATIC CONVERTERS; POWER SUPPLIES FOR A,2364,2634,2360,2506,0.5,0.6,0.6,0.6,
Import,CA,25,844399,"PARTS AND ACCESSORIES OF PRINTERS, COPYING MACHINE",3246,3217,2834,2144,0.7,0.7,0.7,0.5,
Import,CA,-1,0,Total_25,199686,186384,162196,159919,45.4,42.3,39.7,40.4,
Import,TX,1,270900,"PETROLEUM OILS AND OILS FROM BITUMINOUS MINERALS,",34517,38358,25608,16204,13.1,12.6,8.7,6.5,
Import,TX,2,847150,DIGITAL PROCESSING UNITS OTHER THAN THOSE OF 8471.,13775,18669,18841,13814,5.2,6.1,6.4,5.6,
Import,TX,3,851762,"MACHINES FOR THE RECEPTION, CONVERSION AND TRANSMI",18995,17077,9475,8942,7.2,5.6,3.2,3.6,
Import,TX,4,851712,TELEPHONES FOR CELLULAR NETWORKS OR FOR OTHER WIRE,9505,8963,13530,8744,3.6,3,4.6,3.5,
Import,TX,5,870323,PASSENGER MOTOR VEHICLES WITH SPARK-IGNITION INTER,4607,12060,13910,8322,1.8,4,4.7,3.4,
Import,TX,6,854231,"PROCESSORS AND CONTROLLERS, ELECTRONIC INTEGRATED",3961,5551,7316,7217,1.5,1.8,2.5,2.9,
Import,TX,7,870324,PASSENGER MOTOR VEHICLES WITH SPARK-IGNITION INTER,618,5045,6781,6879,0.2,1.7,2.3,2.8,
Import,TX,8,271019,"PETROLEUM OILS, OILS FROM BITUMINOUS MINERALS (OTH",6111,8598,7734,5120,2.3,2.8,2.6,2.1,
Import,TX,9,854430,INSULATED IGNITION WIRING SETS AND OTHER WIRING SE,3870,4877,5116,4139,1.5,1.6,1.7,1.7,
Import,TX,10,870340,"PASSENGER MOTOR VEHICLES, WITH BOTH APRK-IG INTRNL",0,1261,3193,3374,0,0.4,1.1,1.4,
Import,TX,11,852872,"RECEPTION APPARATUS FOR TELEVISION, COLOR, NESOI",2810,2825,3066,3011,1.1,0.9,1,1.2,
Import,TX,12,853710,"BOARDS, PANELS, CONSOLES, ETC. WITH ELECTRICAL APP",1842,2251,2655,2576,0.7,0.7,0.9,1,
Import,TX,13,847330,PARTS AND ACCESSORIES FOR AUTOMATIC DATA PROCESSIN,2189,2801,2826,2521,0.8,0.9,1,1,
Import,TX,14,852351,SOLID-STATE NON-VOLATILE SEMICONDUCTOR STORAGE DEV,436,974,1694,2216,0.2,0.3,0.6,0.9,
Import,TX,15,300290,HUMAN BLOOD; ANIMAL BLOOD PREPARED FOR THERAPEUTIC,1708,1393,1520,1947,0.7,0.5,0.5,0.8,
Import,TX,16,870120,ROAD TRACTORS FOR SEMI-TRAILERS,1915,3114,3094,1768,0.7,1,1,0.7,
Import,TX,17,880330,"PARTS OF AIRPLANES OR HELICOPTERS, NESOI",1253,1820,2178,1718,0.5,0.6,0.7,0.7,
Import,TX,18,848180,"TAPS, COCKS, VALVES AND SIMILAR APPLIANCES FOR PIP",1719,2127,1930,1468,0.7,0.7,0.7,0.6,
Import,TX,19,940190,"PARTS OF SEATS (EXCEPT PARTS OF MEDICAL, DENTIST',",2008,2040,1964,1467,0.8,0.7,0.7,0.6,
Import,TX,20,847170,"AUTOMATIC DATA PROCESSING STORAGE UNITS, N.E.S.O.I",1753,1738,1216,1410,0.7,0.6,0.4,0.6,
Import,TX,21,850440,ELECTRICAL STATIC CONVERTERS; POWER SUPPLIES FOR A,1234,1231,1303,1340,0.5,0.4,0.4,0.5,
Import,TX,22,847130,"PORTABLE DIGTL AUTOMATIC DATA PROCESSING MACHINES,",852,1404,1707,1265,0.3,0.5,0.6,0.5,
Import,TX,23,950300,"TRICYCLES, SCOOTERS, PEDAL CARS AND SIMILAR WHEELE",1205,1241,1258,1242,0.5,0.4,0.4,0.5,
Import,TX,24,630790,"MADE-UP TEXTILE ARTICLES, NESOI",616,639,708,1210,0.2,0.2,0.2,0.5,
Import,TX,25,841810,COMBINED REFRIGERATOR-FREEZERS FITTED WITH SEPARAT,1303,1424,1245,1198,0.5,0.5,0.4,0.5,
Import,TX,-1,0,Total_25,118800,147483,139868,109113,45.2,48.6,47.4,44,
Export,TX,1,270900,"PETROLEUM OILS AND OILS FROM BITUMINOUS MINERALS,",17081,38630,57167,43465,6.4,12.2,17.4,15.6,
Export,TX,2,271019,"PETROLEUM OILS, OILS FROM BITUMINOUS MINERALS (OTH",23225,28237,25053,18329,8.8,8.9,7.6,6.6,
Export,TX,3,271012,LIGHT OILS AND PREPARATIONS CONTAINING GT=70% BY W,19068,24836,22483,16973,7.2,7.9,6.8,6.1,
Export,TX,4,854231,"PROCESSORS AND CONTROLLERS, ELECTRONIC INTEGRATED",5840,6271,9083,10528,2.2,2,2.8,3.8,
Export,TX,5,271112,"PROPANE, LIQUEFIED",10936,12865,10388,9376,4.1,4.1,3.2,3.4,
Export,TX,6,880000,"CIVILIAN AIRCRAFT, ENGINES, AND PARTS",7420,8618,10303,6050,2.8,2.7,3.1,2.2,
Export,TX,7,847330,PARTS AND ACCESSORIES FOR AUTOMATIC DATA PROCESSIN,9588,10784,9816,5928,3.6,3.4,3,2.1,
Export,TX,8,848620,MACHINES AND APPARATUS FOR THE MANUFACTURE OF SEMI,3684,3770,3846,4640,1.4,1.2,1.2,1.7,
Export,TX,9,271111,"NATURAL GAS, LIQUEFIED",754,731,1726,4323,0.3,0.2,0.5,1.5,
Export,TX,10,271121,"NATURAL GAS, GASEOUS",2128,2466,3567,3924,0.8,0.8,1.1,1.4,
Export,TX,11,851762,"MACHINES FOR THE RECEPTION, CONVERSION AND TRANSMI",5040,4521,4240,3792,1.9,1.4,1.3,1.4,
Export,TX,12,390140,"ETHYLENE-ALPHA-OLEFIN COPOLYMERS, HAVING A SPECIFI",1188,2099,2716,3060,0.4,0.7,0.8,1.1,
Export,TX,13,390120,POLYETHYLENE HAVING A SPECIFIC GRAVITY OF 0.94 OR,1914,2620,2953,2789,0.7,0.8,0.9,1,
Export,TX,14,271113,"BUTANES, LIQUEFIED",1528,2547,1991,2576,0.6,0.8,0.6,0.9,
Export,TX,15,854239,"ELECTRONIC INTEGRATED CIRCUITS, NESOI",2944,2793,2545,2432,1.1,0.9,0.8,0.9,
Export,TX,16,847170,"AUTOMATIC DATA PROCESSING STORAGE UNITS, N.E.S.O.I",2711,2997,2482,2363,1,0.9,0.8,0.8,
Export,TX,17,852351,SOLID-STATE NON-VOLATILE SEMICONDUCTOR STORAGE DEV,317,566,941,2327,0.1,0.2,0.3,0.8,
Export,TX,18,520100,"COTTON, NOT CARDED OR COMBED",3133,3301,2798,2187,1.2,1,0.9,0.8,
Export,TX,19,847150,DIGITAL PROCESSING UNITS OTHER THAN THOSE OF 8471.,1549,1748,1983,1885,0.6,0.6,0.6,0.7,
Export,TX,20,711291,"WASTE AND SCRAP OF GOLD, INCLUDING METAL CLAD WITH",238,235,448,1839,0.1,0.1,0.1,0.7,
Export,TX,21,851712,TELEPHONES FOR CELLULAR NETWORKS OR FOR OTHER WIRE,2040,1226,1571,1727,0.8,0.4,0.5,0.6,
Export,TX,22,840820,COMPRESSION-IGNITION INTERNAL COMBUSTION PISTON EN,1548,1984,2030,1621,0.6,0.6,0.6,0.6,
Export,TX,23,390110,POLYETHYLENE HAVING A SPECIFIC GRAVITY OF LESS THA,1497,1667,1675,1578,0.6,0.5,0.5,0.6,
Export,TX,24,290919,ACYCLIC ETHERS (EXCLUDING DIETHYL ETHER) AND THEIR,2188,2482,2081,1370,0.8,0.8,0.6,0.5,
Export,TX,25,870324,PASSENGER MOTOR VEHICLES WITH SPARK-IGNITION INTER,1333,1639,1570,1320,0.5,0.5,0.5,0.5,
Export,TX,-1,0,Total_25,128895,169636,185456,156403,48.6,53.7,56.4,56,
Export,NY,1,710239,"DIAMONDS, NONINDUSTRIAL, WORKED, INCLUDING POLISHE",12051,13350,11960,6600,15.4,15.8,15.8,10.7,
Export,NY,2,710812,"GOLD, NONMONETARY, UNWROUGHT NESOI (OTHER THAN POW",3709,5244,1334,5777,4.7,6.2,1.8,9.3,
Export,NY,3,970110,"PAINTINGS, DRAWINGS AND PASTELS, HAND EXECUTED WOR",7035,8447,6572,4292,9,10,8.7,6.9,
Export,NY,4,711319,"JEWELRY AND PARTS THEREOF, OF PRECIOUS METAL OTHER",5923,5688,5203,2815,7.6,6.7,6.9,4.5,
Export,NY,5,880000,"CIVILIAN AIRCRAFT, ENGINES, AND PARTS",1416,1236,1211,1071,1.8,1.5,1.6,1.7,
Export,NY,6,854231,"PROCESSORS AND CONTROLLERS, ELECTRONIC INTEGRATED",808,896,978,914,1,1.1,1.3,1.5,
Export,NY,7,970300,"ORIGINAL SCULPTURES AND STATUARY, IN ANY MATERIAL",1197,1391,1330,829,1.5,1.6,1.8,1.3,
Export,NY,8,710391,"RUBIES, SAPPHIRES AND EMERALDS, OTHERWISE WORKED",1392,1547,1540,690,1.8,1.8,2,1.1,
Export,NY,9,710691,"SILVER, UNWROUGHT NESOI (OTHER THAN POWDER)",33,325,209,655,0,0.4,0.3,1.1,
Export,NY,10,851762,"MACHINES FOR THE RECEPTION, CONVERSION AND TRANSMI",626,600,482,607,0.8,0.7,0.6,1,
Export,NY,11,870323,PASSENGER MOTOR VEHICLES WITH SPARK-IGNITION INTER,426,575,572,565,0.5,0.7,0.8,0.9,
Export,NY,12,970600,ANTIQUES OF AN AGE EXCEEDING ONE HUNDRED YEARS,476,539,611,485,0.6,0.6,0.8,0.8,
Export,NY,13,851712,TELEPHONES FOR CELLULAR NETWORKS OR FOR OTHER WIRE,740,658,585,474,0.9,0.8,0.8,0.8,
Export,NY,14,760612,ALUMINUM ALLOY RECTANGULAR (INCLUDING SQUARE) PLAT,571,565,484,445,0.7,0.7,0.6,0.7,
Export,NY,15,300214,"IMMUNOLOGICAL PRODUCTS, MIXED, NOT PUT UP IN MEASU",10,48,41,426,0,0.1,0.1,0.7,
Export,NY,16,847590,PARTS OF MACHINES FOR ASSEMBLING ELECTRIC OR ELECT,435,370,562,414,0.6,0.4,0.7,0.7,
Export,NY,17,847150,DIGITAL PROCESSING UNITS OTHER THAN THOSE OF 8471.,266,332,347,410,0.3,0.4,0.5,0.7,
Export,NY,18,840820,COMPRESSION-IGNITION INTERNAL COMBUSTION PISTON EN,518,815,700,407,0.7,1,0.9,0.7,
Export,NY,19,330499,BEAUTY OR MAKE-UP PREPARATIONS AND PREPARATIONS FO,323,317,409,401,0.4,0.4,0.5,0.6,
Export,NY,20,271019,"PETROLEUM OILS, OILS FROM BITUMINOUS MINERALS (OTH",517,608,580,355,0.7,0.7,0.8,0.6,
Export,NY,21,271121,"NATURAL GAS, GASEOUS",435,531,390,330,0.6,0.6,0.5,0.5,
Export,NY,22,880330,"PARTS OF AIRPLANES OR HELICOPTERS, NESOI",375,374,327,318,0.5,0.4,0.4,0.5,
Export,NY,23,740400,COPPER WASTE AND SCRAP,286,354,297,298,0.4,0.4,0.4,0.5,
Export,NY,24,910111,"WRIST WATCHES, BATTERY POWERED, WITH CASES OF PREC",167,286,410,290,0.2,0.3,0.5,0.5,
Export,NY,25,330300,PERFUMES AND TOILET WATERS,377,338,338,287,0.5,0.4,0.4,0.5,
Export,NY,-1,0,Total_25,40111,45434,37475,30155,51.3,53.6,49.5,48.7,
Import,NY,1,711590,"ARTICLES NESOI, OF PRECIOUS METAL OR OF METAL CLAD",570,616,590,21921,0.5,0.4,0.4,14.3,
Import,NY,2,710812,"GOLD, NONMONETARY, UNWROUGHT NESOI (OTHER THAN POW",2027,1471,3512,21318,1.6,1.1,2.6,13.9,
Import,NY,3,710239,"DIAMONDS, NONINDUSTRIAL, WORKED, INCLUDING POLISHE",20214,22281,18206,11162,16,16.3,13.7,7.3,
Import,NY,4,710813,"GOLD, NONMONETARY, SEMIMANUFACTURED FORMS NESOI (O",43,55,42,4022,0,0,0,2.6,
Import,NY,5,711319,"JEWELRY AND PARTS THEREOF, OF PRECIOUS METAL OTHER",3713,3449,3389,2914,2.9,2.5,2.6,1.9,
Import,NY,6,970110,"PAINTINGS, DRAWINGS AND PASTELS, HAND EXECUTED WOR",5370,5731,5853,2292,4.2,4.2,4.4,1.5,
Import,NY,7,330210,MIXTURES OF ODORIFEROUS SUBSTANCES AND MIXTURES (I,504,469,292,1517,0.4,0.3,0.2,1,
Import,NY,8,300490,"MEDICAMENTS, IN MEASURED DOSES, ETC. (EXCLUDING VA",1090,1192,1347,1445,0.9,0.9,1,0.9,
Import,NY,9,710691,"SILVER, UNWROUGHT NESOI (OTHER THAN POWDER)",807,722,416,1387,0.6,0.5,0.3,0.9,
Import,NY,10,851712,TELEPHONES FOR CELLULAR NETWORKS OR FOR OTHER WIRE,364,934,1393,1324,0.3,0.7,1,0.9,
Import,NY,11,630790,"MADE-UP TEXTILE ARTICLES, NESOI",133,159,178,1246,0.1,0.1,0.1,0.8,
Import,NY,12,847130,"PORTABLE DIGTL AUTOMATIC DATA PROCESSING MACHINES,",301,806,1178,1128,0.2,0.6,0.9,0.7,
Import,NY,13,910221,"WRIST WATCHES, NOT BATTERY POWERED, WITH CASES OF",696,725,825,908,0.6,0.5,0.6,0.6,
Import,NY,14,851762,"MACHINES FOR THE RECEPTION, CONVERSION AND TRANSMI",491,639,912,845,0.4,0.5,0.7,0.5,
Import,NY,15,300215,"IMMUNOLOGICAL PRODUCTS, PUT UP IN MEASURED DOSES O",425,458,757,815,0.3,0.3,0.6,0.5,
Import,NY,16,710692,"SILVER, SEMIMANUFACTURED",153,125,141,750,0.1,0.1,0.1,0.5,
Import,NY,17,711890,"COIN, NESOI",336,303,223,745,0.3,0.2,0.2,0.5,
Import,NY,18,220421,WINE OF FRESH GRAPES (OTHER THAN SPARKLING WINE) A,873,947,931,725,0.7,0.7,0.7,0.5,
Import,NY,19,220820,SPIRITS OBTAINED BY DISTILLING GRAPE WINE OR GRAPE,792,665,795,721,0.6,0.5,0.6,0.5,
Import,NY,20,880240,"AIRPLANES AND OTHER AIRCRAFT NESOI, OF AN UNLADEN",699,102,517,658,0.6,0.1,0.4,0.4,
Import,NY,21,841590,"PARTS, NESOI, OF AIR CONDITIONING MACHINES",467,675,744,615,0.4,0.5,0.6,0.4,
Import,NY,22,611020,"SWEATERS, PULLOVERS, SWEATSHIRTS, VESTS AND SIMILA",741,787,755,585,0.6,0.6,0.6,0.4,
Import,NY,23,621010,"GARMENTS, MADE-UP OF FABRICS OF FELTS AND NONWOVEN",11,15,12,547,0,0,0,0.4,
Import,NY,24,271121,"NATURAL GAS, GASEOUS",1341,1244,868,544,1.1,0.9,0.7,0.4,
Import,NY,25,710490,SYNTHETIC OR RECONSTRUCTED PRECIOUS OR SEMIPRECIOU,116,192,354,537,0.1,0.1,0.3,0.3,
Import,NY,-1,0,Total_25,42278,44761,44232,80673,33.4,32.7,33.3,52.4,
Export,AL,1,870323,PASSENGER MOTOR VEHICLES WITH SPARK-IGNITION INTER,3453,2746,2983,2859,15.8,12.8,14.3,16.7,
Export,AL,2,880000,"CIVILIAN AIRCRAFT, ENGINES, AND PARTS",1142,2068,2192,1331,5.2,9.7,10.5,7.8,
Export,AL,3,870333,PASSENGER MOTOR VEHICLES WITH COMPRESSION-IGNITION,1692,1419,1534,1035,7.8,6.6,7.4,6,
Export,AL,4,270112,"BITUMINOUS COAL, WHETHER OR NOT PULVERIZED, BUT NO",1400,1648,1357,954,6.4,7.7,6.5,5.6,
Export,AL,5,870324,PASSENGER MOTOR VEHICLES WITH SPARK-IGNITION INTER,2177,1940,1360,705,10,9.1,6.5,4.1,
Export,AL,6,470321,"CHEMICAL WOODPULP, SODA OR SULFATE, OTHER THAN DIS",428,471,422,424,2,2.2,2,2.5,
Export,AL,7,870332,PASSENGER MOTOR VEHICLES WITH COMPRESSION-IGNITION,401,297,829,387,1.8,1.4,4,2.3,
Export,AL,8,390740,"POLYCARBONATES, IN PRIMARY FORMS",360,445,400,381,1.6,2.1,1.9,2.2,
Export,AL,9,840734,SPARK-IGNITION RECIPROCATING PISTON ENGINES FOR PR,555,495,462,381,2.5,2.3,2.2,2.2,
Export,AL,10,481039,"KRAFT PAPER AND PAPERBOARD (NOT FOR WRITING, PRINT",335,361,347,359,1.5,1.7,1.7,2.1,
Export,AL,11,120190,"SOYBEANS, OTHER THAN SEED",210,154,84,303,1,0.7,0.4,1.8,
Export,AL,12,870340,"PASSENGER MOTOR VEHICLES, WITH BOTH APRK-IG INTRNL",9,0,11,275,0,0,0.1,1.6,
Export,AL,13,870370,"MOTOR VEHICLES, WITH BOTH COMPRESSION-IGNITION INT",0,0,3,251,0,0,0,1.5,
Export,AL,14,271019,"PETROLEUM OILS, OILS FROM BITUMINOUS MINERALS (OTH",189,408,350,217,0.9,1.9,1.7,1.3,
Export,AL,15,382499,CHEMICAL PRODUCTS AND PREPARATIONS OF THE CHEMICAL,361,365,275,214,1.7,1.7,1.3,1.2,
Export,AL,16,20714,CHICKEN CUTS AND EDIBLE OFFAL (INCLUDING LIVERS) F,165,176,179,182,0.8,0.8,0.9,1.1,
Export,AL,17,930690,"BOMBS, GRENADES, TORPEDOES, MINES, MISSILES AND SI",340,188,123,174,1.6,0.9,0.6,1,
Export,AL,18,870829,PARTS AND ACCESSORIES OF BODIES (INCLUDING CABS) F,151,173,148,170,0.7,0.8,0.7,1,
Export,AL,19,381519,"SUPPORTED CATALYSTS, NESOI",125,173,198,140,0.6,0.8,1,0.8,
Export,AL,20,440711,"PINE WOOD SAWN OR CHIPPED LENGTHWISE, SLICED OR PE",0,38,141,111,0,0.2,0.7,0.7,
Export,AL,21,840820,COMPRESSION-IGNITION INTERNAL COMBUSTION PISTON EN,86,144,124,106,0.4,0.7,0.6,0.6,
Export,AL,22,293090,"ORGANO-SULFUR COMPOUNDS, NESOI",87,108,91,93,0.4,0.5,0.4,0.5,
Export,AL,23,292122,"HEXAMETHYLENEDIAMINE (1,6-DIAMINOHEXANE) AND ITS S",67,73,102,89,0.3,0.3,0.5,0.5,
Export,AL,24,722540,FLAT-ROLLED ALLOY STEEL (OTHER THAN STAINLESS) NOT,131,110,100,88,0.6,0.5,0.5,0.5,
Export,AL,25,10511,"CHICKENS, LIVE, WEIGHING NOT MORE THAN 185 G (6.53",44,63,71,78,0.2,0.3,0.3,0.5,
Export,AL,-1,0,Total_25,13908,14061,13883,11306,63.8,65.7,66.7,66,
Import,AL,1,270900,"PETROLEUM OILS AND OILS FROM BITUMINOUS MINERALS,",2081,2778,2414,1425,8.8,10.6,8.5,5.6,
Import,AL,2,840734,SPARK-IGNITION RECIPROCATING PISTON ENGINES FOR PR,925,736,678,908,3.9,2.8,2.4,3.6,
Import,AL,3,870829,PARTS AND ACCESSORIES OF BODIES (INCLUDING CABS) F,835,806,779,695,3.5,3.1,2.7,2.7,
Import,AL,4,870899,"PARTS AND ACCESSORIES FOR MOTOR VEHICLES, NESOI",586,488,494,474,2.5,1.9,1.7,1.9,
Import,AL,5,870840,GEAR BOXES FOR MOTOR VEHICLES,634,437,399,470,2.7,1.7,1.4,1.8,
Import,AL,6,854430,INSULATED IGNITION WIRING SETS AND OTHER WIRING SE,196,280,362,461,0.8,1.1,1.3,1.8,
Import,AL,7,880330,"PARTS OF AIRPLANES OR HELICOPTERS, NESOI",773,1343,863,460,3.3,5.1,3,1.8,
Import,AL,8,841112,TURBOJETS OF A THRUST EXCEEDING 25 KN,355,658,1514,422,1.5,2.5,5.3,1.7,
Import,AL,9,870894,"STEERING WHEELS, STEERING COLUMNS AND STEERING BOX",405,382,440,420,1.7,1.5,1.5,1.6,
Import,AL,10,870830,BRAKES AND SERVO-BRAKES; PARTS THEREOF,299,367,463,408,1.3,1.4,1.6,1.6,
Import,AL,11,940190,"PARTS OF SEATS (EXCEPT PARTS OF MEDICAL, DENTIST',",542,574,525,397,2.3,2.2,1.8,1.6,
Import,AL,12,840820,COMPRESSION-IGNITION INTERNAL COMBUSTION PISTON EN,352,254,375,301,1.5,1,1.3,1.2,
Import,AL,13,720712,"SEMIFINISHED PRODUCTS OF IRON OR NONALLOY STEEL, U",0,83,274,298,0,0.3,1,1.2,
Import,AL,14,950300,"TRICYCLES, SCOOTERS, PEDAL CARS AND SIMILAR WHEELE",18,105,261,297,0.1,0.4,0.9,1.2,
Import,AL,15,852721,"RADIOBROADCAST RECEIVERS FOR MOTOR VEHICLES, COMBI",263,215,322,295,1.1,0.8,1.1,1.2,
Import,AL,16,760120,"ALUMINUM ALLOYS, UNWROUGHT",202,291,229,285,0.9,1.1,0.8,1.1,
Import,AL,17,853710,"BOARDS, PANELS, CONSOLES, ETC. WITH ELECTRICAL APP",164,188,232,253,0.7,0.7,0.8,1,
Import,AL,18,850760,LITHIUM ION BATTERIES,21,10,58,239,0.1,0,0.2,0.9,
Import,AL,19,870880,SUSPENSION SHOCK ABSORBERS FOR MOTOR VEHICLES,313,258,254,235,1.3,1,0.9,0.9,
Import,AL,20,840991,PARTS FOR USE WITH SPARK-IGNITION INTERNAL COMBUST,257,240,253,235,1.1,0.9,0.9,0.9,
Import,AL,21,870892,MUFFLERS AND EXHAUST PIPES FOR MOTOR VEHICLES,60,76,179,227,0.3,0.3,0.6,0.9,
Import,AL,22,870870,ROAD WHEELS AND PARTS AND ACCESSORIES THEREOF FOR,207,191,221,205,0.9,0.7,0.8,0.8,
Import,AL,23,854370,"ELECTRICAL MACHINES AND APPARATUS, HAVING INDIVIDU",131,133,171,204,0.6,0.5,0.6,0.8,
Import,AL,24,711292,"WASTE AND SCRAP OF PLATINUM, INCLUDING METAL CLAD",116,118,165,198,0.5,0.5,0.6,0.8,
Import,AL,25,851521,ELECTRIC MACHINES AND APPARATUS FOR RESISTANCE WEL,148,28,48,189,0.6,0.1,0.2,0.7,
Import,AL,-1,0,Total_25,9883,11038,11971,10000,41.9,42.2,42.1,39.2,
Export,AZ,1,880000,"CIVILIAN AIRCRAFT, ENGINES, AND PARTS",2170,2535,2689,1880,10.4,11.3,10.9,9.5,
Export,AZ,2,260300,COPPER ORES AND CONCENTRATES,1054,1022,1710,1309,5.0,4.5,6.9,6.6,
Export,AZ,3,854231,"PROCESSORS AND CONTROLLERS, ELECTRONIC INTEGRATED",896,943,843,790,4.3,4.2,3.4,4.0,
Export,AZ,4,854239,"ELECTRONIC INTEGRATED CIRCUITS, NESOI",849,936,878,632,4.1,4.2,3.6,3.2,
Export,AZ,5,930690,"BOMBS, GRENADES, TORPEDOES, MINES, MISSILES AND SI",698,627,799,434,3.3,2.8,3.2,2.2,
Export,AZ,6,853890,PARTS FOR ELECTRICAL APPARATUS FOR ELECTRICAL CIRC,454,498,489,372,2.2,2.2,2.0,1.9,
Export,AZ,7,851762,"MACHINES FOR THE RECEPTION, CONVERSION AND TRANSMI",382,501,589,365,1.8,2.2,2.4,1.8,
Export,AZ,8,854150,"SEMICONDUCTOR DEVICES, EXCEPT PHOTOSENSITIVE AND P",418,452,406,333,2.0,2.0,1.6,1.7,
Export,AZ,9,300490,"MEDICAMENTS, IN MEASURED DOSES, ETC. (EXCLUDING VA",163,180,299,280,0.8,0.8,1.2,1.4,
Export,AZ,10,901890,"INSTRUMENTS AND APPLIANCES FOR MEDICAL, SURGICAL O",38,44,139,273,0.2,0.2,0.6,1.4,
Export,AZ,11,848690,MACHINES AND APPARATUS OF A KIND USED FOR THE MANU,193,219,196,251,0.9,1.0,0.8,1.3,
Export,AZ,12,853669,ELECTRICAL PLUGS AND SOCKETS FOR A VOLTAGE NOT EXC,373,411,333,237,1.8,1.8,1.3,1.2,
Export,AZ,13,271121,"NATURAL GAS, GASEOUS",214,179,194,217,1.0,0.8,0.8,1.1,
Export,AZ,14,853710,"BOARDS, PANELS, CONSOLES, ETC. WITH ELECTRICAL APP",198,232,237,212,0.9,1.0,1.0,1.1,
Export,AZ,15,880212,"HELICOPTERS OF AN UNLADEN WEIGHT EXCEEDING 2,000 K",0,0,630,185,0.0,0.0,2.6,0.9,
Export,AZ,16,848180,"TAPS, COCKS, VALVES AND SIMILAR APPLIANCES FOR PIP",173,185,208,166,0.8,0.8,0.8,0.8,
Export,AZ,17,902190,ARTIFICIAL PARTS OF THE BODY NESOI; AND PARTS AND,165,145,169,158,0.8,0.6,0.7,0.8,
Export,AZ,18,847150,DIGITAL PROCESSING UNITS OTHER THAN THOSE OF 8471.,98,155,161,157,0.5,0.7,0.7,0.8,
Export,AZ,19,392690,"ARTICLES OF PLASTICS, NESOI",153,161,175,155,0.7,0.7,0.7,0.8,
Export,AZ,20,847170,"AUTOMATIC DATA PROCESSING STORAGE UNITS, N.E.S.O.I",71,83,52,141,0.3,0.4,0.2,0.7,
Export,AZ,21,901839,"MEDICAL ETC. NEEDLES NESOI, CATHETERS, CANNULAE AN",128,115,148,139,0.6,0.5,0.6,0.7,
Export,AZ,22,853690,"ELECTRICAL APPARATUS FOR SWITCHING, PROTECTING OR",188,183,195,128,0.9,0.8,0.8,0.6,
Export,AZ,23,848620,MACHINES AND APPARATUS FOR THE MANUFACTURE OF SEMI,74,57,69,121,0.4,0.3,0.3,0.6,
Export,AZ,24,854449,"INSULATED ELECTRIC CONDUCTORS, FOR A VOLTAGE NOT E",146,181,158,117,0.7,0.8,0.6,0.6,
Export,AZ,25,854370,"ELECTRICAL MACHINES AND APPARATUS, HAVING INDIVIDU",97,96,92,115,0.5,0.4,0.4,0.6,
Export,AZ,-1,0,Total_25,9395,10140,11860,9167,44.9,45.0,48.1,46.5,
Import,AZ,1,880240,"AIRPLANES AND OTHER AIRCRAFT NESOI, OF AN UNLADEN",673,97,197,1544,3.3,0.4,0.7,6.0,(Z)
Import,AZ,2,848620,MACHINES AND APPARATUS FOR THE MANUFACTURE OF SEMI,453,672,2362,729,2.2,3.0,8.9,2.8,-69.2
Import,AZ,3,70200,"TOMATOES, FRESH OR CHILLED",462,547,557,651,2.3,2.4,2.1,2.5,17.0
Import,AZ,4,854231,"PROCESSORS AND CONTROLLERS, ELECTRONIC INTEGRATED",204,307,506,621,1.0,1.4,1.9,2.4,22.8
Import,AZ,5,854239,"ELECTRONIC INTEGRATED CIRCUITS, NESOI",257,293,551,592,1.3,1.3,2.1,2.3,7.3
Import,AZ,6,854140,"PHOTOSENSITIVE SEMICONDUCTOR DEVICES, INCLUDING PH",307,273,365,536,1.5,1.2,1.4,2.1,47.1
Import,AZ,7,70960,FRUITS OF THE GENUS CAPSICUM (PEPPERS) OR OF THE G,379,448,505,450,1.8,2.0,1.9,1.8,-10.9
Import,AZ,8,851762,"MACHINES FOR THE RECEPTION, CONVERSION AND TRANSMI",501,679,756,438,2.4,3.0,2.8,1.7,-42.1
Import,AZ,9,854430,INSULATED IGNITION WIRING SETS AND OTHER WIRING SE,363,411,445,363,1.8,1.8,1.7,1.4,-18.5
Import,AZ,10,850440,ELECTRICAL STATIC CONVERTERS; POWER SUPPLIES FOR A,113,141,270,361,0.6,0.6,1.0,1.4,33.6
Import,AZ,11,740311,REFINED COPPER CATHODES AND SECTIONS OF CATHODES,228,208,119,355,1.1,0.9,0.4,1.4,198.5
Import,AZ,12,70993,"PUMPKINS, SQUASH AND GOURDS (CUCURBITA SPP.), FRES",254,268,259,347,1.2,1.2,1.0,1.4,34.0
Import,AZ,13,80610,"GRAPES, FRESH",182,192,323,323,0.9,0.9,1.2,1.3,0.1
Import,AZ,14,853669,ELECTRICAL PLUGS AND SOCKETS FOR A VOLTAGE NOT EXC,344,359,331,312,1.7,1.6,1.2,1.2,-5.7
Import,AZ,15,70700,"CUCUMBERS AND GHERKINS, FRESH OR CHILLED",224,256,300,302,1.1,1.1,1.1,1.2,0.9
Import,AZ,16,847150,DIGITAL PROCESSING UNITS OTHER THAN THOSE OF 8471.,47,64,67,297,0.2,0.3,0.3,1.2,343.3
Import,AZ,17,853710,"BOARDS, PANELS, CONSOLES, ETC. WITH ELECTRICAL APP",229,264,334,297,1.1,1.2,1.3,1.2,-10.9
Import,AZ,18,901890,"INSTRUMENTS AND APPLIANCES FOR MEDICAL, SURGICAL O",50,240,217,252,0.2,1.1,0.8,1.0,16.1
Import,AZ,19,842890,"LIFTING, HANDLING, LOADING OR UNLOADING MACHINERY",269,300,287,243,1.3,1.3,1.1,0.9,-15.2
Import,AZ,20,10229,"CATTLE, LIVE, OTHER THAN PUREBRED BREEDING",179,184,161,239,0.9,0.8,0.6,0.9,48.9
Import,AZ,21,850710,LEAD-ACID STORAGE BATTERIES OF A KIND USED FOR STA,48,207,245,238,0.2,0.9,0.9,0.9,-2.6
Import,AZ,22,854390,PARTS FOR ELECTRICAL MACHINES AND APPARATUS HAVING,167,222,364,228,0.8,1.0,1.4,0.9,-37.3
Import,AZ,23,841290,"PARTS FOR ENGINES AND MOTORS, NESOI",14,14,218,228,0.1,0.1,0.8,0.9,4.8
Import,AZ,24,853890,PARTS FOR ELECTRICAL APPARATUS FOR ELECTRICAL CIRC,278,282,258,213,1.4,1.3,1.0,0.8,-17.5
Import,AZ,25,847170,"AUTOMATIC DATA PROCESSING STORAGE UNITS, N.E.S.O.I",29,47,56,210,0.1,0.2,0.2,0.8,275.1
Import,AZ,-1,0,Total_25,6255,6976,10053,10372,30.5,31.2,37.9,40.4,
Export,AR,-1,0,Total_25,3233,3366,3369,3031,51.9,52.2,54.1,58.3,-10.0
Export,AR,1,880000,"CIVILIAN AIRCRAFT, ENGINES, AND PARTS",1503,995,1039,1023,24.1,15.4,16.7,19.7,-1.6
Export,AR,2,100630,"RICE, SEMI-MILLED OR WHOLLY MILLED, WHETHER OR NOT",222,233,206,216,3.6,3.6,3.3,4.2,5.1
Export,AR,3,470321,"CHEMICAL WOODPULP, SODA OR SULFATE, OTHER THAN DIS",111,189,242,202,1.8,2.9,3.9,3.9,-16.5
Export,AR,4,40711,EGGS OF CHICKENS (FOWLS OF THE SPECIES GALLUS DOME,162,172,185,170,2.6,2.7,3.0,3.3,-8.3
Export,AR,5,20714,CHICKEN CUTS AND EDIBLE OFFAL (INCLUDING LIVERS) F,190,171,154,156,3.1,2.7,2.5,3.0,1.3
Export,AR,6,481151,"PAPER & PAPERBOARD, COATED, IMPREGNATED OR COVERED",189,206,195,151,3.0,3.2,3.1,2.9,-22.4
Export,AR,7,520100,"COTTON, NOT CARDED OR COMBED",63,117,99,132,1.0,1.8,1.6,2.5,34.3
Export,AR,8,930690,"BOMBS, GRENADES, TORPEDOES, MINES, MISSILES AND SI",79,463,61,131,1.3,7.2,1.0,2.5,112.8
Export,AR,9,400821,"PLATES, SHEETS AND STRIP OF VULCANIZED RUBBER, EXC",72,75,80,83,1.1,1.2,1.3,1.6,4.4
Export,AR,10,842920,"GRADERS AND LEVELERS, SELF-PROPELLED",19,73,88,75,0.3,1.1,1.4,1.4,-14.3
Export,AR,11,870880,SUSPENSION SHOCK ABSORBERS FOR MOTOR VEHICLES,56,49,83,73,0.9,0.8,1.3,1.4,-12.0
Export,AR,12,293090,"ORGANO-SULFUR COMPOUNDS, NESOI",85,78,72,71,1.4,1.2,1.2,1.4,-0.5
Export,AR,13,20713,CHICKEN CUTS AND EDIBLE OFFAL (INCLUDING LIVERS) F,67,75,70,70,1.1,1.2,1.1,1.3,-0.2
Export,AR,14,210690,FOOD PREPARATIONS NESOI,55,66,60,67,0.9,1.0,1.0,1.3,12.7
Export,AR,15,860610,"RAILWAY OR TRAMWAY TANK CARS AND THE LIKE, NOT SEL",0,1,364,46,0.0,0.0,5.8,0.9,-87.4
Export,AR,16,271012,LIGHT OILS AND PREPARATIONS CONTAINING GT=70% BY W,0,20,15,45,0.0,0.3,0.2,0.9,203.5
Export,AR,17,850152,"AC MOTORS NESOI, MULTI-PHASE, OF AN OUTPUT EXCEEDI",60,63,58,40,1.0,1.0,0.9,0.8,-30.4
Export,AR,18,841582,"AIR CONDITIONING MACHINES NESOI, INCORPORATING A R",45,49,51,40,0.7,0.8,0.8,0.8,-21.2
Export,AR,19,854460,"INSULATED ELECTRIC CONDUCTORS, FOR A VOLTAGE EXCEE",20,37,39,39,0.3,0.6,0.6,0.7,-0.4
Export,AR,20,853669,ELECTRICAL PLUGS AND SOCKETS FOR A VOLTAGE NOT EXC,95,84,45,38,1.5,1.3,0.7,0.7,-14.1
Export,AR,21,220870,LIQUEURS AND CORDIALS,51,47,41,34,0.8,0.7,0.7,0.7,-17.1
Export,AR,22,230110,"FLOURS, MEALS AND PELLETS, OF MEAT OR MEAT OFFAL,",21,21,37,32,0.3,0.3,0.6,0.6,-12.1
Export,AR,23,392020,"PLATES, SHEETS, FILM, FOIL AND STRIP OF PLASTICS,",27,29,30,32,0.4,0.4,0.5,0.6,6.9
Export,AR,24,100620,"RICE, HUSKED (BROWN)",15,16,26,32,0.2,0.2,0.4,0.6,21.9
Export,AR,25,730240,RAILWAY OR TRAMWAY TRACK FISH-PLATES AND SOLE PLAT,27,39,31,32,0.4,0.6,0.5,0.6,3.2
Import,AR,-1,0,Total_25,3010,4018,3499,3171,32.4,34.9,36.3,36.7,-9.4
Import,AR,1,880240,"AIRPLANES AND OTHER AIRCRAFT NESOI, OF AN UNLADEN",840,854,829,432,9.0,7.4,8.6,5.0,-47.8
Import,AR,2,880230,"AIRPLANES AND OTHER AIRCRAFT NESOI, OF AN UNLADEN",437,449,528,345,4.7,3.9,5.5,4.0,-34.6
Import,AR,3,847130,"PORTABLE DIGTL AUTOMATIC DATA PROCESSING MACHINES,",119,142,112,246,1.3,1.2,1.2,2.9,119.7
Import,AR,4,950300,"TRICYCLES, SCOOTERS, PEDAL CARS AND SIMILAR WHEELE",405,605,312,244,4.4,5.3,3.2,2.8,-22.0
Import,AR,5,640299,"FOOTWEAR, WITH OUTER SOLES AND UPPERS OF RUBBER OR",107,232,201,202,1.1,2.0,2.1,2.3,0.6
Import,AR,6,640419,"FOOTWEAR, WITH OUTER SOLES OF RUBBER OR PLASTICS A",152,241,233,175,1.6,2.1,2.4,2.0,-24.9
Import,AR,7,760110,"ALUMINUM, NOT ALLOYED, UNWROUGHT",17,110,35,112,0.2,1.0,0.4,1.3,222.9
Import,AR,8,930690,"BOMBS, GRENADES, TORPEDOES, MINES, MISSILES AND SI",48,87,90,110,0.5,0.8,0.9,1.3,21.8
Import,AR,9,630790,"MADE-UP TEXTILE ARTICLES, NESOI",52,74,52,108,0.6,0.6,0.5,1.2,106.9
Import,AR,10,640411,"SPORTS FOOTWEAR, INCLUDING TENNIS SHOES, BASKETBAL",42,84,112,93,0.5,0.7,1.2,1.1,-17.2
Import,AR,11,870120,ROAD TRACTORS FOR SEMI-TRAILERS,98,111,151,90,1.1,1.0,1.6,1.0,-40.3
Import,AR,12,611020,"SWEATERS, PULLOVERS, SWEATSHIRTS, VESTS AND SIMILA",42,71,77,85,0.5,0.6,0.8,1.0,11.1
Import,AR,13,640340,"FOOTWEAR, WITH OUTER SOLES OF RUBBER, PLASTICS, LE",54,96,85,85,0.6,0.8,0.9,1.0,-0.3
Import,AR,14,610462,"WOMEN'S OR GIRLS' TROUSERS, BIB AND BRACE OVERALLS",65,94,62,85,0.7,0.8,0.6,1.0,36.9
Import,AR,15,640291,"FOOTWEAR, WITH OUTER SOLES AND UPPERS OF RUBBER OR",53,77,88,81,0.6,0.7,0.9,0.9,-7.9
Import,AR,16,901890,"INSTRUMENTS AND APPLIANCES FOR MEDICAL, SURGICAL O",4,10,18,75,0.0,0.1,0.2,0.9,322.4
Import,AR,17,843920,MACHINERY FOR MAKING PAPER OR PAPERBOARD,0,0,4,74,0.0,0.0,0.0,0.9,(Z)
Import,AR,18,930400,"ARMS NESOI (INCLUDING SPRING, AIR OR GAS GUNS AND",45,46,58,74,0.5,0.4,0.6,0.9,27.5
Import,AR,19,854442,"ELECTRIC CONDUCTORS, FOR A VOLTAGE NOT EXCEEDING 1",76,132,100,72,0.8,1.1,1.0,0.8,-27.9
Import,AR,20,870850,DRIVE AXLES WITH DIFFERENTIAL FOR MOTOR VEHICLES,62,76,72,69,0.7,0.7,0.7,0.8,-3.2
Import,AR,21,841191,PARTS OF TURBOJETS OR TURBOPROPELLERS,139,152,76,68,1.5,1.3,0.8,0.8,-11.0
Import,AR,22,610910,"T-SHIRTS, SINGLETS, TANK TOPS AND SIMILAR GARMENTS",19,72,44,65,0.2,0.6,0.5,0.7,47.2
Import,AR,23,392690,"ARTICLES OF PLASTICS, NESOI",34,87,63,63,0.4,0.8,0.6,0.7,1.0
Import,AR,24,846729,"TOOLS FOR WORKING IN THE HAND, WITH SELF-CONTAINED",61,74,69,59,0.7,0.6,0.7,0.7,-14.3
Import,AR,25,950691,ARTICLES AND EQUIPMENT FOR GENERAL PHYSICAL EXERCI,39,40,29,59,0.4,0.3,0.3,0.7,100.4
Export,CO,-1,0,Total_25,2964,3071,3077,4015,36.8,36.9,38.0,48.5,30.5
Export,CO,1,20130,"MEAT OF BOVINE ANIMALS, BONELESS, FRESH OR CHILLED",507,479,475,531,6.3,5.7,5.9,6.4,11.7
Export,CO,2,880260,SPACECRAFT (INCLUDING SATELLITES) AND SUBORBITAL A,0,0,1,509,0.0,0.0,0.0,6.1,(Z)
Export,CO,3,854239,"ELECTRONIC INTEGRATED CIRCUITS, NESOI",471,397,430,454,5.8,4.8,5.3,5.5,5.6
Export,CO,4,901890,"INSTRUMENTS AND APPLIANCES FOR MEDICAL, SURGICAL O",295,310,302,314,3.7,3.7,3.7,3.8,3.9
Export,CO,5,880000,"CIVILIAN AIRCRAFT, ENGINES, AND PARTS",167,265,275,271,2.1,3.2,3.4,3.3,-1.1
Export,CO,6,20230,"MEAT OF BOVINE ANIMALS, BONELESS, FROZEN",194,276,245,269,2.4,3.3,3.0,3.3,10.1
Export,CO,7,854790,"INSULATING FITTINGS NESOI, FOR ELECTRICAL MACHINES",0,0,0,168,0.0,0.0,0.0,2.0,(Z)
Export,CO,8,20319,"MEAT OF SWINE, NESOI, FRESH OR CHILLED",115,104,110,138,1.4,1.3,1.4,1.7,25.7
Export,CO,9,300490,"MEDICAMENTS, IN MEASURED DOSES, ETC. (EXCLUDING VA",4,35,48,126,0.1,0.4,0.6,1.5,159.2
Export,CO,10,902110,ORTHOPEDIC OR FRACTURE APPLIANCES; PARTS AND ACCES,127,132,145,115,1.6,1.6,1.8,1.4,-20.4
Export,CO,11,20220,"MEAT OF BOVINE ANIMALS, CUTS WITH BONE IN (OTHER T",93,131,133,106,1.2,1.6,1.6,1.3,-20.1
Export,CO,12,854710,"INSULATING FITTINGS OF CERAMICS, FOR ELECTRICAL MA",2,17,21,103,0.0,0.2,0.3,1.2,388.0
Export,CO,13,848180,"TAPS, COCKS, VALVES AND SIMILAR APPLIANCES FOR PIP",87,92,97,98,1.1,1.1,1.2,1.2,2.0
Export,CO,14,902750,INSTRUMENTS AND APPARATUS FOR PHYSICAL OR CHEMICAL,77,97,97,89,1.0,1.2,1.2,1.1,-9.0
Export,CO,15,20312,"MEAT OF SWINE, HAMS, SHOULDERS AND CUTS THEREOF, W",108,59,68,87,1.3,0.7,0.8,1.0,27.1
Export,CO,16,854231,"PROCESSORS AND CONTROLLERS, ELECTRONIC INTEGRATED",152,140,108,86,1.9,1.7,1.3,1.0,-20.7
Export,CO,17,851762,"MACHINES FOR THE RECEPTION, CONVERSION AND TRANSMI",68,66,76,69,0.9,0.8,0.9,0.8,-9.1
Export,CO,18,880230,"AIRPLANES AND OTHER AIRCRAFT NESOI, OF AN UNLADEN",21,0,42,68,0.3,0.0,0.5,0.8,60.8
Export,CO,19,760612,ALUMINUM ALLOY RECTANGULAR (INCLUDING SQUARE) PLAT,31,67,31,67,0.4,0.8,0.4,0.8,115.4
Export,CO,20,392690,"ARTICLES OF PLASTICS, NESOI",65,65,55,64,0.8,0.8,0.7,0.8,16.5
Export,CO,21,902680,INSTRUMENTS AND APPARATUS FOR MEASURING OR CHECKIN,66,71,69,59,0.8,0.8,0.9,0.7,-14.6
Export,CO,22,848690,MACHINES AND APPARATUS OF A KIND USED FOR THE MANU,42,46,50,58,0.5,0.5,0.6,0.7,16.2
Export,CO,23,761290,"ALUMINUM CASKS, DRUMS, CANS, BOXES AND SIMILAR PLA",65,47,58,57,0.8,0.6,0.7,0.7,-1.3
Export,CO,24,410150,"WHOLE HIDES AND SKINS, OF A WEIGHT EXCEEDING 16 KG",157,119,82,56,2.0,1.4,1.0,0.7,-31.8
Export,CO,25,902690,PARTS AND ACCESSORIES FOR INSTRUMENTS AND APPARATU,50,57,57,51,0.6,0.7,0.7,0.6,-11.5
Import,CO,-1,0,Total_25,5616,6107,5872,5604,43.4,45.2,44.8,46.6,-4.6
Import,CO,1,270900,"PETROLEUM OILS AND OILS FROM BITUMINOUS MINERALS,",2050,2218,2240,1578,15.8,16.4,17.1,13.1,-29.6
Import,CO,2,854239,"ELECTRONIC INTEGRATED CIRCUITS, NESOI",495,652,327,527,3.8,4.8,2.5,4.4,60.9
Import,CO,3,901890,"INSTRUMENTS AND APPLIANCES FOR MEDICAL, SURGICAL O",311,383,372,335,2.4,2.8,2.8,2.8,-9.8
Import,CO,4,851762,"MACHINES FOR THE RECEPTION, CONVERSION AND TRANSMI",167,139,212,333,1.3,1.0,1.6,2.8,57.2
Import,CO,5,880230,"AIRPLANES AND OTHER AIRCRAFT NESOI, OF AN UNLADEN",191,298,365,332,1.5,2.2,2.8,2.8,-9.0
Import,CO,6,847170,"AUTOMATIC DATA PROCESSING STORAGE UNITS, N.E.S.O.I",185,140,150,270,1.4,1.0,1.1,2.2,80.5
Import,CO,7,847150,DIGITAL PROCESSING UNITS OTHER THAN THOSE OF 8471.,376,594,400,253,2.9,4.4,3.0,2.1,-36.6
Import,CO,8,902140,HEARING AIDS,312,299,303,243,2.4,2.2,2.3,2.0,-19.6
Import,CO,9,854231,"PROCESSORS AND CONTROLLERS, ELECTRONIC INTEGRATED",139,130,142,197,1.1,1.0,1.1,1.6,39.5
Import,CO,10,902110,ORTHOPEDIC OR FRACTURE APPLIANCES; PARTS AND ACCES,199,159,179,183,1.5,1.2,1.4,1.5,2.6
Import,CO,11,392690,"ARTICLES OF PLASTICS, NESOI",207,204,160,177,1.6,1.5,1.2,1.5,10.5
Import,CO,12,841290,"PARTS FOR ENGINES AND MOTORS, NESOI",241,114,122,140,1.9,0.8,0.9,1.2,14.4
Import,CO,13,848340,"GEARS AND GEARING (EXCEPT TOOTHED WHEELS, CHAIN SP",115,81,154,128,0.9,0.6,1.2,1.1,-16.9
Import,CO,14,640299,"FOOTWEAR, WITH OUTER SOLES AND UPPERS OF RUBBER OR",10,10,11,123,0.1,0.1,0.1,1.0,(Z)
Import,CO,15,441012,"ORIENTED STRAND BOARD (OSB), OF WOOD",94,89,46,112,0.7,0.7,0.3,0.9,143.8
Import,CO,16,440719,"OTHER CONIFEROUS WOOD SAWN OR CHIPPED LENGTHWISE,",0,14,63,101,0.0,0.1,0.5,0.8,59.5
Import,CO,17,853710,"BOARDS, PANELS, CONSOLES, ETC. WITH ELECTRICAL APP",120,86,89,87,0.9,0.6,0.7,0.7,-2.6
Import,CO,18,630790,"MADE-UP TEXTILE ARTICLES, NESOI",27,18,22,73,0.2,0.1,0.2,0.6,239.2
Import,CO,19,880330,"PARTS OF AIRPLANES OR HELICOPTERS, NESOI",28,79,134,70,0.2,0.6,1.0,0.6,-47.6
Import,CO,20,940161,"SEATS WITH WOODEN FRAMES, UPHOLSTERED, NESOI",80,70,66,67,0.6,0.5,0.5,0.6,0.6
Import,CO,21,850440,ELECTRICAL STATIC CONVERTERS; POWER SUPPLIES FOR A,47,56,63,59,0.4,0.4,0.5,0.5,-5.9
Import,CO,22,854232,"MEMORIES, ELECTRONIC INTEGRATED CIRCUITS",71,109,64,56,0.5,0.8,0.5,0.5,-13.3
Import,CO,23,902690,PARTS AND ACCESSORIES FOR INSTRUMENTS AND APPARATU,44,45,46,54,0.3,0.3,0.4,0.5,17.2
Import,CO,24,854370,"ELECTRICAL MACHINES AND APPARATUS, HAVING INDIVIDU",32,56,101,54,0.2,0.4,0.8,0.4,-46.4
Import,CO,25,852550,TRANSMISSION APPARATUS FOR RADIO-BROADCASTING OR T,75,62,42,52,0.6,0.5,0.3,0.4,23.3
Export,CT,-1,0,Total_25,7622,9593,8702,7389,51.5,55.1,53.6,53.5,-15.1
Export,CT,1,880000,"CIVILIAN AIRCRAFT, ENGINES, AND PARTS",5568,7014,5974,4052,37.6,40.3,36.8,29.4,-32.2
Export,CT,2,848690,MACHINES AND APPARATUS OF A KIND USED FOR THE MANU,352,459,490,618,2.4,2.6,3.0,4.5,26.2
Export,CT,3,300490,"MEDICAMENTS, IN MEASURED DOSES, ETC. (EXCLUDING VA",4,244,169,409,0.0,1.4,1.0,3.0,142.7
Export,CT,4,880330,"PARTS OF AIRPLANES OR HELICOPTERS, NESOI",65,96,121,169,0.4,0.6,0.7,1.2,40.1
Export,CT,5,841191,PARTS OF TURBOJETS OR TURBOPROPELLERS,173,182,238,167,1.2,1.0,1.5,1.2,-30.1
Export,CT,6,848180,"TAPS, COCKS, VALVES AND SIMILAR APPLIANCES FOR PIP",114,124,143,153,0.8,0.7,0.9,1.1,7.3
Export,CT,7,841199,"PARTS OF GAS TURBINES, NESOI (OTHER THAN PARTS FOR",86,97,135,151,0.6,0.6,0.8,1.1,11.8
Export,CT,8,880310,"PROPELLERS AND ROTORS AND PARTS THEREOF, FOR BALLO",32,56,89,129,0.2,0.3,0.5,0.9,45.2
Export,CT,9,850163,"AC GENERATORS (ALTERNATORS), OF AN OUTPUT EXCEEDIN",144,39,112,112,1.0,0.2,0.7,0.8,0.5
Export,CT,10,382499,CHEMICAL PRODUCTS AND PREPARATIONS OF THE CHEMICAL,71,96,97,112,0.5,0.5,0.6,0.8,15.4
Export,CT,11,950300,"TRICYCLES, SCOOTERS, PEDAL CARS AND SIMILAR WHEELE",11,12,24,109,0.1,0.1,0.1,0.8,362.7
Export,CT,12,853710,"BOARDS, PANELS, CONSOLES, ETC. WITH ELECTRICAL APP",84,86,108,109,0.6,0.5,0.7,0.8,1.0
Export,CT,13,901890,"INSTRUMENTS AND APPLIANCES FOR MEDICAL, SURGICAL O",68,84,102,105,0.5,0.5,0.6,0.8,3.1
Export,CT,14,720449,"FERROUS WASTE AND SCRAP, NESOI",35,67,65,104,0.2,0.4,0.4,0.8,61.0
Export,CT,15,270900,"PETROLEUM OILS AND OILS FROM BITUMINOUS MINERALS,",0,0,90,103,0.0,0.0,0.6,0.7,13.8
Export,CT,16,901320,"LASERS, OTHER THAN LASER DIODES",135,155,89,99,0.9,0.9,0.5,0.7,11.9
Export,CT,17,210690,FOOD PREPARATIONS NESOI,58,77,80,98,0.4,0.4,0.5,0.7,22.2
Export,CT,18,283620,DISODIUM CARBONATE,136,143,115,93,0.9,0.8,0.7,0.7,-19.2
Export,CT,19,903190,PARTS AND ACCESSORIES FOR MEASURING OR CHECKING IN,54,71,71,91,0.4,0.4,0.4,0.7,28.8
Export,CT,20,902780,INSTUMENTS AND APPARATUS FOR PHYSICAL OR CHEMICAL,145,149,116,77,1.0,0.9,0.7,0.6,-33.6
Export,CT,21,901819,ELECTRO-DIAGNOSTIC APPARATUS (AND APPARATUS FOR FU,34,46,47,67,0.2,0.3,0.3,0.5,41.8
Export,CT,22,847989,MACHINES AND MECHANICAL APPLIANCES HAVING INDIVIDU,37,61,47,67,0.3,0.4,0.3,0.5,40.8
Export,CT,23,841221,"HYDRAULIC POWER ENGINES AND MOTORS, LINEAR ACTING",55,44,27,66,0.4,0.3,0.2,0.5,141.4
Export,CT,24,902214,"APPARATUS BASED ON THE USE OF X-RAYS FOR MEDICAL,",96,106,86,66,0.6,0.6,0.5,0.5,-23.7
Export,CT,25,903180,"MEASURING OR CHECKING INSTRUMENTS, APPLIANCES AND",65,83,69,63,0.4,0.5,0.4,0.5,-8.1
Import,CT,-1,0,Total_25,6169,7104,8387,7787,33.0,35.8,41.8,43.3,-7.1
Import,CT,1,710691,"SILVER, UNWROUGHT NESOI (OTHER THAN POWDER)",982,893,1144,1308,5.3,4.5,5.7,7.3,14.3
Import,CT,2,880240,"AIRPLANES AND OTHER AIRCRAFT NESOI, OF AN UNLADEN",249,359,1036,1167,1.3,1.8,5.2,6.5,12.6
Import,CT,3,271012,LIGHT OILS AND PREPARATIONS CONTAINING GT=70% BY W,557,784,987,547,3.0,3.9,4.9,3.0,-44.5
Import,CT,4,880230,"AIRPLANES AND OTHER AIRCRAFT NESOI, OF AN UNLADEN",322,547,535,453,1.7,2.8,2.7,2.5,-15.3
Import,CT,5,740311,REFINED COPPER CATHODES AND SECTIONS OF CATHODES,437,725,857,400,2.3,3.7,4.3,2.2,-53.3
Import,CT,6,841191,PARTS OF TURBOJETS OR TURBOPROPELLERS,410,536,595,340,2.2,2.7,3.0,1.9,-42.9
Import,CT,7,293499,"NUCLEIC ACIDS AND THERE SALTS, WHETER OR NOT CHEMI",278,42,64,339,1.5,0.2,0.3,1.9,433.7
Import,CT,8,271019,"PETROLEUM OILS, OILS FROM BITUMINOUS MINERALS (OTH",109,209,392,328,0.6,1.1,2.0,1.8,-16.3
Import,CT,9,760110,"ALUMINUM, NOT ALLOYED, UNWROUGHT",656,414,248,322,3.5,2.1,1.2,1.8,29.8
Import,CT,10,710812,"GOLD, NONMONETARY, UNWROUGHT NESOI (OTHER THAN POW",152,196,187,292,0.8,1.0,0.9,1.6,56.0
Import,CT,11,293590,"SULPHONAMIDES, NESOI",15,329,346,247,0.1,1.7,1.7,1.4,-28.5
Import,CT,12,293339,HETEROCYCLIC COMPOUNDS CONTAINING AN UNFUSED PYRID,33,20,11,240,0.2,0.1,0.1,1.3,(Z)
Import,CT,13,940161,"SEATS WITH WOODEN FRAMES, UPHOLSTERED, NESOI",188,161,175,193,1.0,0.8,0.9,1.1,10.2
Import,CT,14,880330,"PARTS OF AIRPLANES OR HELICOPTERS, NESOI",295,234,175,160,1.6,1.2,0.9,0.9,-8.8
Import,CT,15,848690,MACHINES AND APPARATUS OF A KIND USED FOR THE MANU,139,188,129,159,0.7,0.9,0.6,0.9,22.8
Import,CT,16,790112,"ZINC, NOT ALLOYED, CONTAINING UNDER 99.99% ZINC BY",120,132,183,156,0.6,0.7,0.9,0.9,-14.8
Import,CT,17,841459,"FANS, NESOI",138,152,177,150,0.7,0.8,0.9,0.8,-15.2
Import,CT,18,841112,TURBOJETS OF A THRUST EXCEEDING 25 KN,236,403,332,146,1.3,2.0,1.7,0.8,-56.1
Import,CT,19,711319,"JEWELRY AND PARTS THEREOF, OF PRECIOUS METAL OTHER",270,323,402,143,1.4,1.6,2.0,0.8,-64.4
Import,CT,20,220421,WINE OF FRESH GRAPES (OTHER THAN SPARKLING WINE) A,178,187,143,132,1.0,0.9,0.7,0.7,-7.3
Import,CT,21,901890,"INSTRUMENTS AND APPLIANCES FOR MEDICAL, SURGICAL O",27,27,36,130,0.1,0.1,0.2,0.7,263.4
Import,CT,22,940350,WOODEN FURNITURE (EXCEPT SEATS) OF A KIND USED IN,79,45,52,120,0.4,0.2,0.3,0.7,132.2
Import,CT,23,392620,ARTICLES OF APPAREL AND CLOTHING ACCESSORIES (INCL,41,37,21,106,0.2,0.2,0.1,0.6,401.3
Import,CT,24,790111,"ZINC, NOT ALLOYED, CONTAINING 99.9% OR MORE BY WEI",253,154,149,106,1.4,0.8,0.7,0.6,-28.9
Import,CT,25,841290,"PARTS FOR ENGINES AND MOTORS, NESOI",7,4,10,103,0.0,0.0,0.1,0.6,(Z)
Export,DE,-1,0,Total_25,2608,2886,2787,2478,57.1,61.3,63.2,63.2,-11.1
Export,DE,1,300490,"MEDICAMENTS, IN MEASURED DOSES, ETC. (EXCLUDING VA",732,946,1003,450,16.0,20.1,22.8,11.5,-55.1
Export,DE,2,902780,INSTUMENTS AND APPARATUS FOR PHYSICAL OR CHEMICAL,257,251,259,301,5.6,5.3,5.9,7.7,16.1
Export,DE,3,710812,"GOLD, NONMONETARY, UNWROUGHT NESOI (OTHER THAN POW",10,8,136,214,0.2,0.2,3.1,5.5,58.0
Export,DE,4,850132,DC MOTORS NESOI AND GENERATORS OF AN OUTPUT EXCEED,0,0,1,191,0.0,0.0,0.0,4.9,(Z)
Export,DE,5,870324,PASSENGER MOTOR VEHICLES WITH SPARK-IGNITION INTER,546,502,237,149,12.0,10.7,5.4,3.8,-37.2
Export,DE,6,846691,PARTS AND ACCESSORIES FOR MACHINE TOOLS FOR WORKIN,111,124,121,136,2.4,2.6,2.7,3.5,12.5
Export,DE,7,80390,"BANANAS, FRESH OR DRIED, OTHER THAN PLANTAINS",139,135,130,131,3.1,2.9,3.0,3.3,0.4
Export,DE,8,401693,"GASKETS, WASHERS AND OTHER SEALS, OF VULCANIZED RU",2,1,84,117,0.0,0.0,1.9,3.0,38.9
Export,DE,9,842199,PARTS FOR FILTERING OR PURIFYING MACHINERY AND APP,71,75,93,90,1.6,1.6,2.1,2.3,-2.7
Export,DE,10,20714,CHICKEN CUTS AND EDIBLE OFFAL (INCLUDING LIVERS) F,77,62,53,69,1.7,1.3,1.2,1.8,29.0
Export,DE,11,880000,"CIVILIAN AIRCRAFT, ENGINES, AND PARTS",71,63,199,65,1.6,1.3,4.5,1.7,-67.2
Export,DE,12,870323,PASSENGER MOTOR VEHICLES WITH SPARK-IGNITION INTER,89,62,42,51,2.0,1.3,0.9,1.3,23.6
Export,DE,13,391290,"CELLULOSE AND ITS CHEMICAL DERIVATIVES NESOI, IN P",53,47,41,46,1.2,1.0,0.9,1.2,14.4
Export,DE,14,847130,"PORTABLE DIGTL AUTOMATIC DATA PROCESSING MACHINES,",21,25,6,46,0.5,0.5,0.1,1.2,(Z)
Export,DE,15,392690,"ARTICLES OF PLASTICS, NESOI",123,132,34,45,2.7,2.8,0.8,1.1,32.6
Export,DE,16,740311,REFINED COPPER CATHODES AND SECTIONS OF CATHODES,0,0,0,44,0.0,0.0,0.0,1.1,0.0
Export,DE,17,390690,"ACRYLIC POLYMERS NESOI, IN PRIMARY FORMS",24,29,28,43,0.5,0.6,0.6,1.1,51.2
Export,DE,18,902790,MICROTOMES; PARTS AND ACCESSORIES FOR INSTRUMENTS,41,42,53,42,0.9,0.9,1.2,1.1,-21.6
Export,DE,19,271019,"PETROLEUM OILS, OILS FROM BITUMINOUS MINERALS (OTH",104,247,116,41,2.3,5.3,2.6,1.0,-65.0
Export,DE,20,870899,"PARTS AND ACCESSORIES FOR MOTOR VEHICLES, NESOI",31,35,42,38,0.7,0.8,1.0,1.0,-9.8
Export,DE,21,850162,"AC GENERATORS (ALTERNATORS), OF AN OUTPUT EXCEEDIN",0,0,3,38,0.0,0.0,0.1,1.0,(Z)
Export,DE,22,390469,"FLUORO-POLYMERS NESOI, IN PRIMARY FORMS",19,20,21,37,0.4,0.4,0.5,0.9,76.9
Export,DE,23,340590,"POLISHES AND CREAMS AND SIMILAR PREPARATIONS, NESO",27,26,26,35,0.6,0.5,0.6,0.9,33.3
Export,DE,24,390461,"POLYTETRAFLUOROETHYLENE (PTFE), IN PRIMARY FORMS",43,38,39,33,0.9,0.8,0.9,0.8,-16.1
Export,DE,25,842139,FILTERING OR PURIFYING MACHINERY AND APPARATUS FOR,17,16,21,29,0.4,0.3,0.5,0.7,40.6
Import,DE,-1,0,Total_25,4811,6170,6608,6618,62.8,69.3,69.5,72.6,0.1
Import,DE,1,300490,"MEDICAMENTS, IN MEASURED DOSES, ETC. (EXCLUDING VA",563,744,1186,2284,7.4,8.4,12.5,25.1,92.6
Import,DE,2,270900,"PETROLEUM OILS AND OILS FROM BITUMINOUS MINERALS,",1910,3150,2691,1204,24.9,35.4,28.3,13.2,-55.3
Import,DE,3,293499,"NUCLEIC ACIDS AND THERE SALTS, WHETER OR NOT CHEMI",393,477,259,559,5.1,5.4,2.7,6.1,116.0
Import,DE,4,300432,"MEDICAMENTS, IN MEASURED DOSES, ETC., CONTAINING C",736,557,324,339,9.6,6.3,3.4,3.7,4.8
Import,DE,5,80390,"BANANAS, FRESH OR DRIED, OTHER THAN PLANTAINS",314,323,330,324,4.1,3.6,3.5,3.6,-2.0
Import,DE,6,271019,"PETROLEUM OILS, OILS FROM BITUMINOUS MINERALS (OTH",173,301,197,302,2.3,3.4,2.1,3.3,53.6
Import,DE,7,711590,"ARTICLES NESOI, OF PRECIOUS METAL OR OF METAL CLAD",5,2,547,259,0.1,0.0,5.8,2.8,-52.7
Import,DE,8,293359,HETEROCYCLIC COMPOUNDS CONTAINING A PYRIMIDINE RIN,0,6,49,232,0.0,0.1,0.5,2.5,371.2
Import,DE,9,850710,LEAD-ACID STORAGE BATTERIES OF A KIND USED FOR STA,138,47,141,180,1.8,0.5,1.5,2.0,27.0
Import,DE,10,261400,TITANIUM ORES AND CONCENTRATES,0,10,67,111,0.0,0.1,0.7,1.2,66.8
Import,DE,11,901839,"MEDICAL ETC. NEEDLES NESOI, CATHETERS, CANNULAE AN",1,0,53,111,0.0,0.0,0.6,1.2,110.1
Import,DE,12,80610,"GRAPES, FRESH",87,97,90,89,1.1,1.1,0.9,1.0,-0.6
Import,DE,13,880240,"AIRPLANES AND OTHER AIRCRAFT NESOI, OF AN UNLADEN",98,50,49,65,1.3,0.6,0.5,0.7,32.6
Import,DE,14,80430,"PINEAPPLES, FRESH OR DRIED",71,66,65,60,0.9,0.7,0.7,0.7,-6.7
Import,DE,15,720241,"FERROCHROMIUM, CONTAINING MORE THAN 4% (WT.) CARBO",38,28,57,57,0.5,0.3,0.6,0.6,0.2
Import,DE,16,970110,"PAINTINGS, DRAWINGS AND PASTELS, HAND EXECUTED WOR",10,27,132,53,0.1,0.3,1.4,0.6,-60.3
Import,DE,17,300439,"MEDICAMENTS, IN MEASURED DOSES, ETC., CONTAINING H",35,37,40,50,0.5,0.4,0.4,0.6,26.4
Import,DE,18,293339,HETEROCYCLIC COMPOUNDS CONTAINING AN UNFUSED PYRID,13,10,25,50,0.2,0.1,0.3,0.6,103.8
Import,DE,19,271012,LIGHT OILS AND PREPARATIONS CONTAINING GT=70% BY W,129,139,181,50,1.7,1.6,1.9,0.5,-72.4
Import,DE,20,71080,"VEGETABLES, NESOI, UNCOOKED OR COOKED BY STEAMING",7,4,7,42,0.1,0.0,0.1,0.5,459.6
Import,DE,21,382499,CHEMICAL PRODUCTS AND PREPARATIONS OF THE CHEMICAL,12,15,32,41,0.2,0.2,0.3,0.5,28.7
Import,DE,22,390690,"ACRYLIC POLYMERS NESOI, IN PRIMARY FORMS",34,40,41,40,0.4,0.4,0.4,0.4,-0.4
Import,DE,23,382200,"COMPOSITE DIAGNOSTIC OR LABORATORY REAGENTS, OTHER",13,17,21,40,0.2,0.2,0.2,0.4,92.0
Import,DE,24,200410,"POTATOES, INCLUDING FRENCH FRIES, PREPARED OR PRES",0,0,0,39,0.0,0.0,0.0,0.4,(Z)
Import,DE,25,841950,"HEAT EXCHANGE UNITS, INDUSTRIAL TYPE",31,24,25,36,0.4,0.3,0.3,0.4,44.9
Export,FL,-1,0,Total_25,21906,22305,22496,18006,39.9,39.0,40.2,39.3,-20.0
Export,FL,1,880000,"CIVILIAN AIRCRAFT, ENGINES, AND PARTS",6326,6556,7495,4882,11.5,11.5,13.4,10.7,-34.9
Export,FL,2,851712,TELEPHONES FOR CELLULAR NETWORKS OR FOR OTHER WIRE,3027,2889,2558,2264,5.5,5.0,4.6,4.9,-11.5
Export,FL,3,854231,"PROCESSORS AND CONTROLLERS, ELECTRONIC INTEGRATED",952,887,950,1110,1.7,1.6,1.7,2.4,16.8
Export,FL,4,847130,"PORTABLE DIGTL AUTOMATIC DATA PROCESSING MACHINES,",885,789,786,938,1.6,1.4,1.4,2.0,19.2
Export,FL,5,851762,"MACHINES FOR THE RECEPTION, CONVERSION AND TRANSMI",935,1015,1102,882,1.7,1.8,2.0,1.9,-19.9
Export,FL,6,310559,MINERAL OR CHEMICAL FERTILIZERS CONTAINING THE TWO,554,664,611,628,1.0,1.2,1.1,1.4,2.7
Export,FL,7,710812,"GOLD, NONMONETARY, UNWROUGHT NESOI (OTHER THAN POW",2219,1989,1259,617,4.0,3.5,2.2,1.3,-51.0
Export,FL,8,841199,"PARTS OF GAS TURBINES, NESOI (OTHER THAN PARTS FOR",469,526,575,552,0.9,0.9,1.0,1.2,-3.9
Export,FL,9,901890,"INSTRUMENTS AND APPLIANCES FOR MEDICAL, SURGICAL O",594,650,637,519,1.1,1.1,1.1,1.1,-18.5
Export,FL,10,310540,AMMONIUM DIHYDROGENORTHOPHOSPHATE (MONOAMMONIUM PH,554,627,668,517,1.0,1.1,1.2,1.1,-22.6
Export,FL,11,870323,PASSENGER MOTOR VEHICLES WITH SPARK-IGNITION INTER,433,498,521,457,0.8,0.9,0.9,1.0,-12.3
Export,FL,12,847330,PARTS AND ACCESSORIES FOR AUTOMATIC DATA PROCESSIN,605,654,484,442,1.1,1.1,0.9,1.0,-8.7
Export,FL,13,390810,"POLYAMIDE-6,-11,-12,-6,6,-6,9,-6,10 OR -6,12 (NYLO",531,696,640,435,1.0,1.2,1.1,1.0,-31.9
Export,FL,14,440131,WOOD PELLETS,176,241,322,423,0.3,0.4,0.6,0.9,31.3
Export,FL,15,890392,"MOTORBOATS, OTHER THAN OUTBOARD MOTORBOATS",301,370,489,393,0.5,0.6,0.9,0.9,-19.6
Export,FL,16,330300,PERFUMES AND TOILET WATERS,618,645,601,393,1.1,1.1,1.1,0.9,-34.7
Export,FL,17,870899,"PARTS AND ACCESSORIES FOR MOTOR VEHICLES, NESOI",399,441,426,343,0.7,0.8,0.8,0.7,-19.6
Export,FL,18,880240,"AIRPLANES AND OTHER AIRCRAFT NESOI, OF AN UNLADEN",0,0,164,329,0.0,0.0,0.3,0.7,100.3
Export,FL,19,890399,YACHTS AND OTHER VESSELS FOR PLEASURE OR SPORTS NE,260,325,365,311,0.5,0.6,0.7,0.7,-14.8
Export,FL,20,902110,ORTHOPEDIC OR FRACTURE APPLIANCES; PARTS AND ACCES,246,278,284,268,0.4,0.5,0.5,0.6,-5.5
Export,FL,21,950450,"VIDEO GAME CONSOLES AND MACHINES, OTHER THAN THOSE",422,362,271,263,0.8,0.6,0.5,0.6,-3.0
Export,FL,22,310530,DIAMMONIUM HYDROGENORTHOPHOSPHATE (DIAMMONIUM PHOS,530,385,382,263,1.0,0.7,0.7,0.6,-31.2
Export,FL,23,210690,FOOD PREPARATIONS NESOI,260,243,287,260,0.5,0.4,0.5,0.6,-9.4
Export,FL,24,900130,CONTACT LENSES,236,272,310,260,0.4,0.5,0.6,0.6,-16.1
Export,FL,25,847170,"AUTOMATIC DATA PROCESSING STORAGE UNITS, N.E.S.O.I",373,301,307,258,0.7,0.5,0.5,0.6,-16.0
Import,FL,-1,0,Total_25,21481,22049,23866,26308,28.5,27.4,29.2,34.4,10.2
Import,FL,1,293499,"NUCLEIC ACIDS AND THERE SALTS, WHETER OR NOT CHEMI",118,82,1459,3638,0.2,0.1,1.8,4.8,149.3
Import,FL,2,870323,PASSENGER MOTOR VEHICLES WITH SPARK-IGNITION INTER,3294,3562,3980,3336,4.4,4.4,4.9,4.4,-16.2
Import,FL,3,851712,TELEPHONES FOR CELLULAR NETWORKS OR FOR OTHER WIRE,2473,2289,2605,2728,3.3,2.8,3.2,3.6,4.7
Import,FL,4,710812,"GOLD, NONMONETARY, UNWROUGHT NESOI (OTHER THAN POW",2622,2112,945,2038,3.5,2.6,1.2,2.7,115.7
Import,FL,5,854231,"PROCESSORS AND CONTROLLERS, ELECTRONIC INTEGRATED",835,1264,1332,1633,1.1,1.6,1.6,2.1,22.6
Import,FL,6,30441,"PACIFIC SALMON (ONCORHYNCHUS NERKA, GORBUSCHA, KET",887,1120,1173,1195,1.2,1.4,1.4,1.6,1.9
Import,FL,7,80390,"BANANAS, FRESH OR DRIED, OTHER THAN PLANTAINS",978,991,989,995,1.3,1.2,1.2,1.3,0.6
Import,FL,8,240210,"CIGARS, CHEROOTS AND CIGARILLOS, CONTAINING TOBACC",852,895,944,968,1.1,1.1,1.2,1.3,2.6
Import,FL,9,880230,"AIRPLANES AND OTHER AIRCRAFT NESOI, OF AN UNLADEN",428,454,624,881,0.6,0.6,0.8,1.2,41.2
Import,FL,10,271019,"PETROLEUM OILS, OILS FROM BITUMINOUS MINERALS (OTH",1429,1906,2133,827,1.9,2.4,2.6,1.1,-61.2
Import,FL,11,890392,"MOTORBOATS, OTHER THAN OUTBOARD MOTORBOATS",634,494,624,789,0.8,0.6,0.8,1.0,26.5
Import,FL,12,870324,PASSENGER MOTOR VEHICLES WITH SPARK-IGNITION INTER,711,401,532,685,0.9,0.5,0.7,0.9,28.9
Import,FL,13,841290,"PARTS FOR ENGINES AND MOTORS, NESOI",381,396,719,625,0.5,0.5,0.9,0.8,-13.2
Import,FL,14,470329,"CHEMICAL WOODPULP, SODA OR SULFATE, OTHER THAN DIS",556,592,609,603,0.7,0.7,0.7,0.8,-0.9
Import,FL,15,630790,"MADE-UP TEXTILE ARTICLES, NESOI",69,83,91,597,0.1,0.1,0.1,0.8,(Z)
Import,FL,16,854140,"PHOTOSENSITIVE SEMICONDUCTOR DEVICES, INCLUDING PH",378,397,481,553,0.5,0.5,0.6,0.7,15.0
Import,FL,17,330300,PERFUMES AND TOILET WATERS,878,810,713,532,1.2,1.0,0.9,0.7,-25.4
Import,FL,18,30617,"SHRIMPS AND PRAWNS, FROZEN, OTHER THAN COLD-WATER",659,558,510,491,0.9,0.7,0.6,0.6,-3.7
Import,FL,19,740311,REFINED COPPER CATHODES AND SECTIONS OF CATHODES,763,757,501,474,1.0,0.9,0.6,0.6,-5.4
Import,FL,20,60311,FRESH CUT ROSES AND BUDS,409,431,474,470,0.5,0.5,0.6,0.6,-1.0
Import,FL,21,847130,"PORTABLE DIGTL AUTOMATIC DATA PROCESSING MACHINES,",465,395,415,463,0.6,0.5,0.5,0.6,11.6
Import,FL,22,711319,"JEWELRY AND PARTS THEREOF, OF PRECIOUS METAL OTHER",564,561,491,453,0.7,0.7,0.6,0.6,-7.7
Import,FL,23,271012,LIGHT OILS AND PREPARATIONS CONTAINING GT=70% BY W,536,928,870,444,0.7,1.2,1.1,0.6,-48.9
Import,FL,24,220890,"SPIRITUOUS BEVERAGES, NESOI, INCLUDING CORDIALS, L",68,82,105,444,0.1,0.1,0.1,0.6,322.7
Import,FL,25,880330,"PARTS OF AIRPLANES OR HELICOPTERS, NESOI",492,489,546,444,0.7,0.6,0.7,0.6,-18.7